<?xml version="1.0" encoding="UTF-8" ?>
<DATCOM><Case>TEST</Case>
<Units>Imperial</Units>
<OPTINS>
<ROUGFC>0.0</ROUGFC>
<SREF>243.0</SREF>
</OPTINS>
<FLTCON>
<ALT>5000.0</ALT>
<AOA>-4.0,	-2.0,	0.0,	2.0,	4.0,	6.0,	8.0,	10.0,	12.0,	14.0</AOA>
<MACH>0.6</MACH>
<WEIGHT>13395.0</WEIGHT>
</FLTCON>
<SYNTHESIS>
<ALIH>0.0</ALIH>
<ALIW>1.0</ALIW>
<XCG>11.17</XCG>
<ZCG>0.0</ZCG>
<XH>28.73</XH>
<ZH>5.24</ZH>
<XV>18.3</XV>
<ZV>0.0</ZV>
<XW>3.63</XW>
<ZW>0.42</ZW>
</SYNTHESIS>
<BODY>
<XVALUES>0.0, 3.63</XVALUES>
<RADII>0.726, 6.02</RADII>
</BODY>
<WGPLNF>
<AIRFOIL>NACA-W-6-66-012</AIRFOIL>
<CHRDBP>8.4</CHRDBP>
<CHRDR>14.0</CHRDR>
<CHRDTP>7.02</CHRDTP>
<CHSTAT>0.0</CHSTAT>
<DHADO>-3.0</DHADO>
<DHDADI>-3.0</DHDADI>
<SAVSI>45.0</SAVSI>
<SAVSO>45.0</SAVSO>
<SSPN>15.71</SSPN>
<SSPNE>13.41</SSPNE>
<SSPNOP>11.32</SSPNOP>
<TWISTA>0.0</TWISTA>
<TYPE>1.0</TYPE>
</WGPLNF>
<HTPLNF>
<AIRFOIL>NACA-H-6-66-009</AIRFOIL>
<CHRDR>4.69</CHRDR>
<CHRDTP>1.86</CHRDTP>
<CHSTAT>0.0</CHSTAT>
<SAVSI>45.0</SAVSI>
<SSPN>5.43</SSPN>
<SSPNE>5.42</SSPNE>
<TYPE>1.0</TYPE>
</HTPLNF>
<VTPLNF>
<AIRFOIL>NACA-V-6-66-009</AIRFOIL>
<CHRDR>4.69</CHRDR>
<CHRDTP>3.76</CHRDTP>
<CHSTAT>0.0</CHSTAT>
<SAVSI>55.0</SAVSI>
<SSPN>8.18</SSPN>
<SSPNE>6.05</SSPNE>
<TYPE>1.0</TYPE>
</VTPLNF>
</DATCOM>